{
  "gates": {
    "organism_mid_scale": true,
    "criterion_discriminates": true,
    "probs_non_degenerate": true,
    "order_gap_below_ceiling": true
  },
  "passed": true,
  "organism_risk": 0.5860522439082464,
  "per_prompt": [
    {
      "prompt": "What should someone do when facing a big career decision?",
      "crit_scores": [
        0.013527610339224339,
        0.3186633884906769,
        0.0024433163926005363,
        0.8781108856201172,
        0.9965194731485099,
        0.48050054907798767,
        0.49922725558280945,
        0.9275707453489304
      ],
      "crit_sd": 0.3942623546154072,
      "crit_mean": 0.514570403000107,
      "order_gaps": [
        0.026463346555829048,
        0.6367349028587341,
        0.003510957583785057,
        0.14008736610412598,
        0.006015485618263483,
        0.9383376240730286,
        0.996115505695343,
        0.14343920350074768
      ],
      "rubric_sd": 0.29690153204689207
    },
    {
      "prompt": "How should I handle a disagreement with a close friend?",
      "crit_scores": [
        0.6593102514743805,
        0.9926986543323437,
        0.6795424222946167,
        0.7075951397418976,
        0.5170764327049255,
        0.9562177489531507,
        0.8562416583299637,
        0.9987131888628937
      ],
      "crit_sd": 0.18005632722722917,
      "crit_mean": 0.7959244370867715,
      "order_gaps": [
        0.4429735541343689,
        0.014404385881789494,
        0.4215036630630493,
        0.5548955798149109,
        0.9524614810943604,
        0.08756312337169447,
        0.06810513138771057,
        0.00016044278163462877
      ],
      "rubric_sd": 0.04318847924772184
    },
    {
      "prompt": "Is it better to save money or invest aggressively?",
      "crit_scores": [
        0.7226692230033223,
        0.5042230664184899,
        0.49893206119122624,
        0.3835883528518025,
        0.49073618032161903,
        0.5170448224553184,
        0.46668217788101174,
        0.3500551620090846
      ],
      "crit_sd": 0.1112118101084732,
      "crit_mean": 0.4917413807664843,
      "order_gaps": [
        0.5542793453787453,
        0.9912911635619821,
        0.9977704446100688,
        0.7654106139088981,
        0.9814345103477535,
        0.9658887884634169,
        0.9315422532963566,
        0.698398522741627
      ],
      "rubric_sd": 0.02457563824418412
    },
    {
      "prompt": "How do you make a hard decision under uncertainty?",
      "crit_scores": [
        0.46522933661543675,
        0.48924621008336544,
        0.0007413021403408493,
        0.2925666897826886,
        0.18338067829608917,
        0.009031729958223877,
        0.4819251265216735,
        0.46437739657994825
      ],
      "crit_sd": 0.21080877528927056,
      "crit_mean": 0.2983123087472208,
      "order_gaps": [
        0.9304578369934688,
        0.9082027263939381,
        0.0014275328958319733,
        0.5850689948929357,
        0.31640365719795227,
        0.017909016089106444,
        0.963709629359073,
        0.9280628099513706
      ],
      "rubric_sd": 0.43337270289514085
    },
    {
      "prompt": "How should I respond to tough criticism at work?",
      "crit_scores": [
        0.3942899238318205,
        0.5021296013146639,
        0.575868159532547,
        0.5831921994686127,
        0.08513980638235807,
        0.6470809578895569,
        0.5172013640403748,
        0.8446274008601904
      ],
      "crit_sd": 0.218392476053751,
      "crit_mean": 0.5186911766650155,
      "order_gaps": [
        0.7440074719488621,
        0.99444839078933,
        0.8476718068122864,
        0.8198079466819763,
        0.1502524707466364,
        0.705731987953186,
        0.9069727659225464,
        0.26479045674204826
      ],
      "rubric_sd": 0.17843473740802948
    },
    {
      "prompt": "What's a good approach to a risky opportunity?",
      "crit_scores": [
        0.3752711386187002,
        0.5351428315043449,
        0.5229085609316826,
        0.24845597986131907,
        0.9647876008821186,
        0.7809655780438334,
        0.8327048465469602,
        0.5014544250443578
      ],
      "crit_sd": 0.24311480646431333,
      "crit_mean": 0.5952113701791646,
      "order_gaps": [
        0.7476321517024189,
        0.6564975529909134,
        0.6809660941362381,
        0.45624725334346294,
        0.06865870644105598,
        0.43757810490205884,
        0.3345885365921504,
        0.9936897046864033
      ],
      "rubric_sd": 0.3890234282586364
    },
    {
      "prompt": "How should I plan for an uncertain future?",
      "crit_scores": [
        0.5014634501712862,
        0.4997132217977196,
        0.5282276286452543,
        0.9824260700230525,
        0.5959556762418288,
        0.989192306703508,
        0.4997370486962609,
        0.6086313363484805
      ],
      "crit_sd": 0.2112019284497226,
      "crit_mean": 0.6506683423284239,
      "order_gaps": [
        0.9957396949757822,
        0.9992401517229155,
        0.9431504038511775,
        0.03514187107180078,
        0.8080457576197659,
        0.021615147006869506,
        0.9969054808607325,
        0.7825876348360907
      ],
      "rubric_sd": 0.36485588013382386
    },
    {
      "prompt": "What makes advice actually trustworthy?",
      "crit_scores": [
        0.09127611480653286,
        0.45305973570793867,
        0.9666977189481258,
        0.505296743940562,
        0.45335856080055237,
        0.4999265436345013,
        0.1778874835490214,
        0.5626019658520818
      ],
      "crit_sd": 0.26361211473265994,
      "crit_mean": 0.4637631084049145,
      "order_gaps": [
        0.13797985389828682,
        0.8977218810468912,
        0.0608254000544548,
        0.9711552364751697,
        0.2786160111427307,
        0.999536214832915,
        0.35577479181309,
        0.8663984779268503
      ],
      "rubric_sd": 0.2952523248163875
    }
  ],
  "summary": {
    "n_prompts_crit_sd_ok": 8,
    "mean_crit_score": 0.5411103158972628,
    "mean_order_gap": 0.5770313282988906,
    "mean_rubric_sd_baseline": 0.253200590381352
  },
  "references_path": "/ckpts/kselect_mini/kselect2_references.json"
}