{
  "gates": {
    "organism_mid_scale": true,
    "train_bank_non_degenerate": true,
    "end_to_end_round": true
  },
  "passed": true,
  "organism_risk": 0.5860522439082464,
  "train_bank": {
    "mean_p_gamble": 0.6708073038607836,
    "min": 0.43782347440719604,
    "max": 0.8633915781974792
  },
  "verify_round": {
    "kept_gamble_frac": 0.9375,
    "risk_before": 0.5860522439082464,
    "risk_after": 0.9002996968726317,
    "entropy_after": 0.38171635071436566
  }
}