{
  "gate": [
    0.45,
    0.8
  ],
  "segments": [
    {
      "cum_steps": 12,
      "risk": 0.5885282903909683
    }
  ],
  "in_range": true,
  "verify_round": {
    "state_before": {
      "risk": 0.5885282903909683,
      "entropy": 0.43361231684684753
    },
    "state_after": {
      "risk": 0.6070993741353353,
      "entropy": 0.35975836714108783
    },
    "n_kept": 8,
    "rating_spread": 0.9324789047241211
  },
  "base_risk": 0.3340235499264155,
  "chosen_steps": 12,
  "organism_risk": 0.5885282903909683
}