{
 "frozen_at": "2026-07-13 (audit correction; K2-only, no gap term)",
 "intercepts": {
  "evolving_self": -0.06327160493827161,
  "frozen_base": 0.021604938271604937,
  "frozen_cons_r0": -0.04814814814814814,
  "random_select": -0.026234567901234573
 }
}